Training Data Percentage,Accuracy,Precision,Recall,F1 Score
80,0.8450326045262754,0.8501257484048577,0.8450326045262754,0.837812325480109
90,0.85385500575374,0.8586514592348101,0.85385500575374,0.8472929353849601
