Training Data Percentage,Accuracy,Precision,Recall,F1 Score
80,0.8507795100222717,0.8551117531514418,0.8507795100222717,0.85055346862467
90,0.8708240534521158,0.8746386833345307,0.8708240534521158,0.8698230960594943
