Training Data Percentage,Accuracy,Precision,Recall,F1 Score
80,0.6436517069428462,0.4142875198504396,0.6436517069428462,0.5041062143524369
90,0.6440352896049099,0.41478145425648005,0.6440352896049099,0.5045894779499037
