Training Data Percentage,Accuracy,Precision,Recall,F1 Score
80,0.9305715381664749,0.9297032246629682,0.9305715381664749,0.9299004219510251
90,0.9282700421940928,0.9274274169835862,0.9282700421940928,0.9277670563832984
