Training Data Percentage,Accuracy,Precision,Recall,F1 Score
80,0.32293986636971045,0.10429015729088645,0.32293986636971045,0.1576642445239327
90,0.3184855233853007,0.10143302860600889,0.3184855233853007,0.15386293866249323
