Training Data Percentage,Accuracy,Precision,Recall,F1 Score
80,0.7438752783964365,0.7536075503799415,0.7438752783964365,0.7377558037774398
90,0.732739420935412,0.7397134003932544,0.732739420935412,0.7268411268493419
